EmployeeID,EmployeeName,Gender,DOB,Department,JobRole,HireDate,BaseSalary
1000,Jyoti Nair,Male,1975-04-23,IT,Analyst,2024-05-19,35520
1001,Fiyaz Varkey,Male,1998-12-15,Sales,Executive,2024-07-06,65791
1002,Daksh Shan,Male,1998-09-25,Finance,Executive,2016-12-10,38933
1003,Warhi Dua,Female,1982-12-24,Finance,Analyst,2019-06-27,87406
1004,Tamanna Wali,Male,1975-03-31,Finance,Manager,2018-07-22,49318
1005,Manya Bhat,Male,2001-02-15,IT,Analyst,2018-10-29,39311
1006,Sathvik Nayak,Male,1966-05-15,IT,Manager,2023-06-12,66262
1007,Chandran Chaudhary,Male,1991-06-01,HR,Executive,2016-06-04,49126
1008,Yachana Trivedi,Female,1972-04-02,Sales,Manager,2024-03-04,89029
1009,Ubika Mahal,Female,1970-01-28,Sales,Executive,2022-05-05,74665
1010,Diya Shanker,Male,1990-12-14,Sales,Manager,2017-08-28,45373
1011,Ridhi Sule,Female,1976-11-19,HR,Manager,2017-01-05,34887
1012,Ranbir Prashad,Male,2003-10-16,Finance,Executive,2022-05-23,35062
1013,Ridhi Wason,Male,2001-04-15,Finance,Analyst,2023-05-18,39034
1014,Vivaan Bajwa,Male,1970-12-30,Sales,Executive,2018-11-24,71578
1015,Amara Gade,Male,1967-02-21,Finance,Analyst,2022-09-24,45177
1016,Quincy Dua,Male,1991-08-04,Sales,Executive,2018-10-01,93952
1017,Prisha Vig,Female,2001-04-24,HR,Analyst,2017-02-18,54440
1018,Eshana Koshy,Male,1996-07-04,HR,Manager,2018-02-12,75133
1019,Ekani Deo,Male,1990-08-01,Finance,Manager,2017-09-12,97647
1020,Jason Subramaniam,Male,1987-01-27,IT,Manager,2024-08-14,51136
1021,Nathan Luthra,Male,1984-02-17,Finance,Executive,2024-12-30,95180
1022,Waida Chawla,Female,1969-11-05,HR,Executive,2024-07-26,55053
1023,Ishanvi Divan,Female,1989-08-06,HR,Manager,2016-04-26,36623
1024,Rachana Mangat,Male,1995-05-16,IT,Executive,2019-10-07,77582
1025,Yash Jain,Female,2003-10-03,Finance,Executive,2023-03-31,33795
1026,Ikbal Narula,Female,1998-10-18,HR,Executive,2022-07-05,59766
1027,Harshil Rajagopalan,Male,1967-08-24,Sales,Manager,2020-04-19,77742
1028,Ishaan Mandal,Male,2003-02-03,Finance,Analyst,2023-01-15,64019
1029,Ekta Rana,Male,1986-11-29,Sales,Analyst,2022-03-10,62531
1030,Hamsini Banerjee,Female,1974-04-06,Finance,Executive,2018-11-16,71510
1031,Vrishti Pillai,Male,2001-08-17,Sales,Executive,2024-11-30,72705
1032,Geetika Palla,Male,1998-10-30,HR,Analyst,2018-05-05,32382
1033,Guneet Gill,Female,1984-10-02,Sales,Executive,2017-05-16,59654
1034,Rajata Agarwal,Female,1982-01-29,Finance,Manager,2020-03-05,43626
1035,Faris Patil,Male,1985-09-27,IT,Analyst,2017-07-04,72954
1036,Widisha Chauhan,Male,1998-01-29,Sales,Analyst,2016-06-19,92709
1037,Yochana Rau,Female,1997-02-27,Finance,Manager,2018-08-16,75432
1038,Gavin Jayaraman,Female,1980-04-18,HR,Executive,2023-07-24,30839
1039,Madhav Ramanathan,Male,1993-03-24,Finance,Manager,2021-05-26,51747
1040,Gayathri Ganesh,Female,1978-03-09,Sales,Manager,2024-04-14,72045
1041,Fiyaz Chauhan,Female,1966-07-08,Finance,Analyst,2021-11-26,72685
1042,Eesha Mutti,Male,1979-07-12,Finance,Executive,2016-03-23,80253
1043,Radha Hayre,Male,1989-10-12,Finance,Analyst,2017-04-14,41609
1044,Anay Chokshi,Male,1965-06-24,IT,Manager,2023-02-24,58804
1045,Owen Date,Male,1965-07-06,Sales,Executive,2017-05-25,99093
1046,Omya Kale,Male,2002-08-02,HR,Executive,2016-06-05,48112
1047,Omya Gokhale,Male,1980-04-16,Finance,Executive,2020-09-14,64513
1048,Bhavya Gokhale,Male,1996-12-28,Sales,Analyst,2020-11-16,36844
1049,Ekaja Soni,Female,1983-03-24,IT,Analyst,2018-05-29,87668
1050,Raagini Bava,Male,1969-01-23,Finance,Manager,2017-10-09,73625
1051,Jagvi Sharaf,Male,1978-08-04,IT,Analyst,2021-04-29,71989
1052,Caleb Chad,Male,1980-03-19,Sales,Manager,2022-05-11,83237
1053,Jairaj Chana,Male,1968-06-27,Finance,Manager,2019-03-15,82638
1054,Ranveer Mital,Female,1981-01-30,HR,Executive,2019-11-18,88023
1055,David Wable,Male,1991-02-03,Sales,Executive,2021-11-16,98018
1056,Keya Johal,Female,1993-03-03,Finance,Analyst,2024-04-10,97018
1057,Avi Sur,Male,1972-11-19,HR,Executive,2023-05-04,62897
1058,Vidhi Jayaraman,Female,1984-10-15,Sales,Manager,2019-12-14,61452
1059,Shaurya Savant,Male,1984-02-06,Sales,Manager,2021-04-23,81806
1060,Hitesh Kala,Male,1991-12-08,IT,Analyst,2024-12-29,91207
1061,Liam Seth,Male,2001-05-16,IT,Analyst,2019-05-27,37641
1062,Gavin Samra,Female,1987-08-27,IT,Executive,2020-05-29,50625
1063,Aarnav Batra,Male,2000-10-21,IT,Analyst,2018-11-15,33934
1064,Vinaya Maharaj,Female,1965-05-18,Sales,Executive,2019-06-23,76342
1065,Gautam Parikh,Female,1982-12-01,HR,Analyst,2018-07-21,86303
1066,Ekalinga Toor,Male,1972-03-29,Finance,Executive,2022-03-06,42622
1067,Eta Halder,Female,2002-10-25,Sales,Manager,2023-04-28,68793
1068,Rehaan Soni,Male,1999-10-03,Sales,Manager,2019-10-12,37263
1069,Zilmil Setty,Female,1985-01-24,HR,Executive,2021-06-22,49983
1070,Vedant Sidhu,Female,1974-07-22,Finance,Analyst,2017-06-11,77652
1071,Tanveer Bhakta,Male,1969-12-04,Sales,Executive,2020-02-09,55516
1072,Devansh Wable,Female,1975-06-05,Sales,Executive,2024-01-29,96932
1073,Charan Bedi,Female,1973-04-05,HR,Manager,2016-07-22,59437
1074,Shivani Venkataraman,Female,1975-07-11,Finance,Analyst,2016-11-05,89189
1075,Aryan Bala,Male,1978-03-22,IT,Executive,2024-11-22,76619
1076,Gagan Badami,Female,2000-12-23,Finance,Manager,2024-10-21,89298
1077,Neel Pandya,Female,1989-12-29,HR,Analyst,2019-02-09,39639
1078,Pranav Saha,Male,1967-09-24,IT,Executive,2024-07-24,48468
1079,Vedant Bose,Male,1969-04-13,HR,Executive,2020-02-29,74533
1080,Naveen Ram,Female,1990-02-06,IT,Executive,2016-04-23,58956
1081,Hiral Roy,Female,2000-12-09,Sales,Analyst,2018-08-24,59854
1082,Finn Balasubramanian,Female,1969-03-02,IT,Manager,2019-12-04,70772
1083,Rajata Date,Male,1968-02-16,Sales,Manager,2022-04-06,75627
1084,Isaac Manne,Female,1977-10-28,Finance,Analyst,2016-12-10,40788
1085,Gaurav Walla,Male,1967-03-07,Sales,Executive,2017-04-30,40757
1086,Rachita Kar,Male,1994-05-01,Finance,Manager,2024-02-12,43339
1087,Baljiwan Saran,Male,2001-03-24,Sales,Analyst,2017-12-30,30130
1088,Warinder Shroff,Female,1997-09-21,Sales,Manager,2022-07-23,75612
1089,Vamakshi Ganesan,Female,1972-10-29,IT,Manager,2017-07-30,82247
1090,Wriddhish Amble,Female,1991-10-30,IT,Analyst,2023-04-14,99597
1091,Inaya Pandey,Male,1983-10-02,IT,Executive,2020-02-05,35310
1092,Luke Ghose,Male,1999-05-26,HR,Manager,2021-06-16,71496
1093,Saumya Sengupta,Male,1976-10-31,HR,Executive,2020-10-06,32423
1094,Yatin Dugar,Female,1974-03-26,HR,Manager,2024-12-04,59071
1095,Arin Thaker,Male,1977-11-24,HR,Manager,2023-03-16,58191
1096,Gautami Mohan,Female,1988-03-15,HR,Executive,2018-02-16,39250
1097,Rayaan Brahmbhatt,Male,1992-07-28,IT,Manager,2018-12-05,62296
1098,Sara Mittal,Female,1980-11-09,HR,Analyst,2018-01-08,87055
1099,Yutika Dube,Male,1984-02-28,HR,Manager,2016-04-23,42100
1100,Wakeeta Kant,Male,1986-07-11,Sales,Manager,2024-04-17,30388
1101,Hitesh Prabhakar,Female,1984-06-07,IT,Analyst,2016-10-12,55788
1102,Champak Sood,Male,1968-02-13,Finance,Analyst,2019-01-09,51276
1103,Gaurav Mangal,Male,1980-06-11,Finance,Executive,2018-09-26,66175
1104,Brijesh Kothari,Male,1978-05-03,IT,Manager,2023-09-29,52045
1105,Laban Sandhu,Female,1999-08-11,HR,Executive,2019-06-15,92150
1106,Darpan Bhattacharyya,Male,1978-10-16,HR,Executive,2016-06-17,83245
1107,Anita Sachdeva,Female,1988-11-24,Finance,Analyst,2018-05-08,56944
1108,Mohini Vyas,Male,1971-05-06,IT,Manager,2018-04-27,75276
1109,Bhavya Pai,Male,2003-09-01,Sales,Analyst,2024-04-07,87363
1110,David Banerjee,Female,1989-02-23,IT,Executive,2022-10-26,80427
1111,Krishna Mall,Male,1992-03-03,IT,Manager,2019-02-28,36595
1112,Patrick Setty,Male,1973-08-17,Finance,Manager,2017-06-29,82470
1113,Dayita Badami,Female,1992-07-12,Finance,Manager,2024-06-03,83311
1114,Vihaan Warrior,Female,1998-09-03,Sales,Manager,2020-11-21,73022
1115,Omya Choudhury,Male,1982-12-11,Finance,Executive,2021-08-22,97592
1116,Yashvi Singh,Male,1999-08-11,IT,Manager,2017-11-27,90390
1117,Amol Kota,Female,1975-12-09,Sales,Manager,2019-07-02,52464
1118,Rudra Bera,Male,1971-01-29,HR,Analyst,2016-08-22,39215
1119,Radha Oak,Male,1984-09-20,Finance,Manager,2020-10-24,30081
1120,Zansi Cheema,Male,1967-05-21,HR,Manager,2023-10-04,40047
1121,Ekansh Talwar,Male,1991-04-14,Finance,Executive,2024-03-16,70898
1122,Jason Garg,Female,1971-02-03,HR,Executive,2017-04-14,77519
1123,Fariq Rama,Female,1978-03-23,Finance,Executive,2019-04-21,57585
1124,Bina Taneja,Female,1976-12-23,HR,Analyst,2022-08-27,55690
1125,Devansh Bala,Male,1998-08-20,IT,Executive,2016-04-02,31261
1126,Ishanvi Rattan,Female,2002-10-31,IT,Analyst,2017-07-03,73126
1127,Abhiram Rau,Male,1993-03-22,HR,Executive,2016-09-24,65219
1128,Udarsh Dugal,Male,1999-01-23,IT,Executive,2019-08-08,31950
1129,Dominic Lalla,Female,1991-01-11,Finance,Executive,2023-09-15,74027
1130,Sudiksha Varghese,Male,1994-01-10,HR,Executive,2017-10-08,96226
1131,Ishanvi Nath,Male,1981-08-14,Sales,Manager,2018-05-10,42841
1132,Yash Khatri,Male,1991-11-29,IT,Analyst,2020-02-03,37995
1133,Tarak Pandey,Female,1986-05-26,Sales,Analyst,2018-12-25,69256
1134,Yadavi Ramesh,Male,1993-11-27,Finance,Executive,2022-02-16,35376
1135,Raghav Chada,Male,1980-02-23,Finance,Executive,2020-07-04,49702
1136,Akshay Nazareth,Male,1999-08-03,Sales,Executive,2022-06-18,50952
1137,Henry Maharaj,Female,1977-10-05,Finance,Analyst,2021-08-11,67956
1138,Divya Bava,Female,1999-06-06,Sales,Analyst,2020-12-15,55190
1139,Amrita Murty,Male,1982-04-09,HR,Manager,2016-07-09,88042
1140,Girik Choudhry,Female,1973-12-17,Sales,Executive,2023-05-30,70882
1141,Ronith Ganesan,Female,1967-06-26,IT,Executive,2025-02-22,59251
1142,Kavya Kothari,Male,1976-08-14,Sales,Analyst,2021-10-04,82342
1143,Kavya Dara,Female,1997-03-19,HR,Manager,2019-03-28,67020
1144,Ayush Rao,Female,1998-09-08,IT,Manager,2019-09-21,49388
1145,Vritti Chakrabarti,Female,1978-02-02,HR,Executive,2020-05-18,73996
1146,Eshana Vohra,Female,1967-12-11,Sales,Manager,2024-04-13,64984
1147,Pavani Ahuja,Female,1970-08-18,HR,Analyst,2020-05-08,71717
1148,Pranav Goswami,Female,1992-05-16,HR,Analyst,2019-06-26,71610
1149,Aashi Jha,Male,1968-12-01,IT,Executive,2018-03-02,50206
1150,Kamala Sankar,Male,1991-12-14,Finance,Analyst,2021-02-11,82999
1151,Samarth Soman,Male,1995-08-24,Sales,Manager,2017-07-30,56941
1152,Ojasvi Modi,Female,1987-08-20,Finance,Analyst,2020-06-22,62897
1153,Vrishti Loyal,Male,1967-03-09,IT,Manager,2018-08-08,96428
1154,Ayaan Mannan,Female,1997-03-08,IT,Analyst,2021-11-20,46368
1155,Kai Chadha,Female,1970-09-22,Sales,Analyst,2020-07-29,87652
1156,Ekta Ramakrishnan,Male,2003-12-01,HR,Analyst,2016-11-01,48102
1157,Hredhaan Dhawan,Female,1969-10-13,IT,Analyst,2022-06-17,74832
1158,Viraj Sathe,Male,2002-06-09,HR,Manager,2023-11-17,73096
1159,Manan Gulati,Male,1999-11-28,IT,Executive,2023-02-05,91115
1160,Gautam Nanda,Female,1967-05-26,IT,Manager,2022-01-10,44516
1161,Raksha Gole,Male,1980-11-07,Finance,Executive,2021-04-19,87699
1162,Hardik Salvi,Male,1968-09-04,IT,Executive,2022-09-26,43431
1163,Ekbal Som,Male,1987-07-10,Sales,Executive,2022-06-06,63839
1164,Xalak Rout,Female,1978-06-08,HR,Manager,2024-06-27,60053
1165,Zarna Barman,Female,1965-04-19,HR,Manager,2023-07-23,33147
1166,Advaith Misra,Male,1985-12-30,HR,Analyst,2022-10-08,37846
1167,Reva Dash,Male,1996-02-15,Sales,Executive,2018-05-04,68699
1168,Xiti Deshmukh,Female,1988-01-31,Sales,Executive,2019-08-05,52007
1169,Chakrika Divan,Male,1971-01-19,HR,Analyst,2016-09-27,99609
1170,Fariq Tara,Female,1997-11-02,HR,Analyst,2022-09-08,68873
1171,Yashodhara Kanda,Male,1997-06-22,Finance,Analyst,2020-06-19,71319
1172,Maanav Tella,Female,1990-08-20,Finance,Executive,2023-03-09,96242
1173,Sanya Doctor,Male,1973-03-06,Sales,Manager,2023-11-04,59084
1174,Isha Hayer,Female,1970-05-28,Sales,Manager,2017-01-17,46979
1175,Samarth Raval,Male,1972-12-21,Finance,Manager,2025-03-05,73340
1176,Harshil Seth,Male,1976-12-20,Sales,Manager,2018-04-02,95735
1177,Pratyush Murty,Male,1977-09-02,HR,Executive,2017-07-29,95363
1178,Rachita Peri,Female,1999-09-03,Sales,Executive,2024-02-22,79136
1179,Guneet Ganesh,Female,1993-10-21,Sales,Manager,2023-06-12,33453
1180,Sai Luthra,Male,1979-02-17,Finance,Analyst,2022-06-19,34849
1181,Faris Iyengar,Female,1973-01-02,IT,Analyst,2017-05-01,92195
1182,Yagnesh Tak,Male,1993-12-02,HR,Executive,2017-04-15,88469
1183,Xavier Chakraborty,Female,1996-11-22,HR,Analyst,2020-07-03,57044
1184,Yashoda Lall,Male,1979-08-12,Sales,Executive,2021-08-17,62168
1185,Xalak Palan,Female,1993-11-29,IT,Executive,2018-08-21,30129
1186,Varenya Muni,Female,1989-03-14,Sales,Executive,2018-11-18,93692
1187,Dev Balay,Female,1971-07-29,Finance,Executive,2024-01-30,91248
1188,Meghana Zachariah,Male,1978-07-15,Sales,Manager,2018-08-12,69232
1189,Varsha Bora,Male,1970-07-01,Finance,Manager,2017-12-10,77943
1190,Jagvi Gole,Male,1982-03-26,Sales,Manager,2018-08-23,42300
1191,Radha Dyal,Male,1997-07-18,HR,Manager,2025-01-29,80266
1192,Gopal Srivastava,Female,2003-04-14,Sales,Analyst,2022-04-30,78585
1193,Ikbal Zacharia,Female,1974-01-10,Sales,Manager,2017-01-04,36423
1194,Anmol Zacharia,Female,1991-01-23,Finance,Executive,2020-05-14,51286
1195,Jack Arya,Female,2000-01-29,IT,Analyst,2024-11-22,51925
1196,Arya Bail,Female,1988-10-18,Sales,Executive,2016-06-02,34861
1197,Ojas Majumdar,Male,1995-05-13,Sales,Executive,2024-10-29,56383
1198,Widisha Palla,Male,1981-11-10,IT,Executive,2017-11-11,58176
1199,Varenya Raja,Male,1975-06-01,Sales,Analyst,2016-11-22,81434
1200,Amruta Subramaniam,Female,1978-07-18,Sales,Executive,2022-06-14,54892
1201,Vedant Shere,Male,1968-04-05,HR,Executive,2020-12-07,82461
1202,Harita Mangal,Female,1971-04-09,Finance,Executive,2016-04-29,34986
1203,Darpan Ahuja,Female,2001-03-20,Finance,Executive,2017-09-10,90871
1204,Rajata Rama,Male,1991-03-05,IT,Executive,2019-03-23,82638
1205,Dipta Khosla,Male,2002-08-05,HR,Analyst,2023-07-11,54681
1206,Pranit Goswami,Male,1965-05-03,Finance,Manager,2017-08-01,88136
1207,Sanya Bhagat,Female,1970-03-08,IT,Manager,2020-01-18,93690
1208,Victor Sampath,Female,1966-03-10,HR,Analyst,2020-06-01,85458
1209,Aishani Mander,Male,1997-08-06,HR,Manager,2020-05-19,46586
1210,Pavani Bhatt,Male,1966-12-23,IT,Analyst,2018-10-04,34901
1211,Hredhaan Venkatesh,Female,1989-11-26,IT,Analyst,2017-12-28,66461
1212,Jack Toor,Male,1967-11-29,Sales,Analyst,2023-01-16,71155
1213,Upasna Karpe,Female,1990-03-10,Finance,Executive,2022-08-03,81932
1214,Harini Agate,Male,1972-04-10,Finance,Manager,2021-02-27,68481
1215,Lucky Edwin,Female,1982-07-20,Sales,Manager,2025-01-25,41849
1216,Harshil Varma,Male,1999-04-30,HR,Analyst,2019-08-18,55689
1217,Karan Raju,Male,1985-01-21,HR,Executive,2019-10-03,49680
1218,Adweta Muni,Female,1981-01-12,HR,Analyst,2024-03-28,73297
1219,Upma Verma,Male,1998-02-03,HR,Analyst,2017-07-09,38237
1220,Wakeeta Grover,Male,1984-01-16,IT,Manager,2018-08-03,97165
1221,Gayathri Nair,Male,1992-12-15,Finance,Manager,2023-09-03,47005
1222,Aashi Bedi,Male,1993-06-27,Finance,Analyst,2020-10-12,61630
1223,Ira Soni,Female,1973-02-23,IT,Manager,2022-10-12,75517
1224,Ganga Doshi,Male,2000-12-14,Sales,Executive,2021-03-13,87138
1225,Simon Goswami,Male,1984-09-05,IT,Analyst,2023-02-24,32909
1226,Vyanjana Padmanabhan,Female,1996-07-20,IT,Executive,2024-07-13,87510
1227,Tanay Walia,Male,1970-09-29,IT,Manager,2016-05-09,79021
1228,Tripti Bava,Male,1998-01-10,IT,Analyst,2021-04-24,93527
1229,Lipika Bhatt,Female,1986-06-29,Finance,Manager,2022-04-26,39227
1230,Charita Kant,Female,1970-08-16,HR,Manager,2021-12-04,64270
1231,Indali Tiwari,Male,1971-08-25,IT,Executive,2020-09-14,66677
1232,Mahika Srinivasan,Male,1967-07-30,Finance,Analyst,2019-04-05,61164
1233,Rajeshri Johal,Female,1969-07-09,Finance,Executive,2023-12-18,32053
1234,Raksha Barad,Female,1975-04-19,Finance,Manager,2020-07-19,85824
1235,Janani Shere,Female,1975-01-18,IT,Analyst,2021-05-16,37818
1236,Oliver Madan,Male,1980-06-21,IT,Manager,2018-12-23,75532
1237,Sai Ravel,Female,1975-06-20,HR,Manager,2022-09-09,53816
1238,Harrison Venkatesh,Male,1984-12-25,Sales,Manager,2023-07-07,44588
1239,Forum Radhakrishnan,Male,1979-04-05,Finance,Analyst,2016-06-06,58679
1240,Vasatika Kari,Male,1993-08-15,Finance,Executive,2024-09-26,42043
1241,Vihaan Edwin,Male,1974-11-20,IT,Manager,2023-04-16,30030
1242,Pahal Soman,Female,1981-11-28,IT,Executive,2017-06-23,88814
1243,Maya Sachar,Female,1977-03-27,Finance,Analyst,2022-03-18,36313
1244,Kai Agate,Male,1985-01-01,Sales,Executive,2021-08-20,84012
1245,Sachi Rastogi,Male,2000-01-08,Sales,Executive,2023-07-17,36000
1246,Warda Barad,Male,1968-03-09,IT,Executive,2016-08-29,37669
1247,Maanas Varghese,Female,1989-05-15,HR,Analyst,2022-06-05,41839
1248,Widisha Basu,Female,1970-02-14,Finance,Executive,2016-03-29,68352
1249,Falguni Solanki,Male,2003-02-23,Finance,Executive,2018-05-20,98492
1250,Dakshesh Minhas,Male,1975-12-25,Finance,Manager,2016-06-24,62154
1251,Brinda Amble,Female,1975-09-02,Finance,Executive,2022-05-08,49199
1252,Qadim Mody,Female,1996-08-22,HR,Executive,2016-12-10,56397
1253,Abhiram Rastogi,Female,1990-12-19,IT,Executive,2016-03-19,89732
1254,Jack Mukhopadhyay,Male,1976-10-12,Sales,Executive,2019-07-14,83988
1255,Jack Mani,Male,1977-01-06,IT,Manager,2021-04-30,98945
1256,Gabriel Datta,Male,1967-06-23,Sales,Manager,2016-03-20,73394
1257,Thomas Ganesh,Male,2001-06-06,Finance,Executive,2019-12-03,47581
1258,Yatin Toor,Female,1973-09-12,HR,Executive,2022-08-14,50379
1259,Urvashi Ranganathan,Female,1966-12-13,IT,Executive,2023-02-15,41128
1260,Ucchal Kalita,Female,1985-05-04,IT,Analyst,2018-02-28,93625
1261,Jagat Menon,Male,1992-06-08,HR,Manager,2022-10-23,34120
1262,Jhalak Patel,Male,1992-12-03,Sales,Analyst,2020-06-11,58891
1263,Meghana Dutta,Female,1978-10-07,Sales,Analyst,2020-06-15,72162
1264,Onkar Vig,Female,1998-09-15,Sales,Executive,2019-02-08,90758
1265,Imaran Mammen,Female,1981-12-25,HR,Analyst,2018-12-14,30834
1266,Onveer Jain,Male,1970-03-18,Finance,Analyst,2023-06-10,74746
1267,Turvi Bhatnagar,Female,1969-04-26,IT,Analyst,2022-08-23,67327
1268,Dalaja Mody,Female,1990-03-22,HR,Executive,2021-12-01,96515
1269,Zaid Gara,Male,1999-12-12,Sales,Analyst,2019-03-27,33624
1270,Pushti Walia,Female,1985-08-16,HR,Executive,2019-11-18,64679
1271,Jeevika Sarma,Female,1996-07-26,Sales,Analyst,2022-08-26,61312
1272,Raagini Narayanan,Male,1982-02-10,HR,Executive,2018-09-06,84480
1273,Edhitha Mody,Male,1965-10-03,Finance,Analyst,2021-11-28,87316
1274,Dev Madan,Female,2000-05-11,IT,Manager,2021-08-30,62594
1275,Udant Kala,Female,1982-03-07,Finance,Executive,2018-12-15,84538
1276,Faraj Lalla,Male,1975-03-21,HR,Manager,2020-02-20,69806
1277,Pranit Dhar,Male,1980-08-19,Finance,Executive,2020-02-26,60716
1278,Lohit Ganguly,Female,1983-12-04,Sales,Analyst,2023-03-02,42741
1279,Alka Gill,Male,1983-11-27,HR,Executive,2022-06-27,98412
1280,Yahvi Bhatia,Male,1975-07-31,IT,Manager,2024-06-04,71156
1281,Girish Choudhry,Female,1997-12-18,HR,Executive,2020-07-22,90775
1282,Nathan Barad,Female,1996-10-29,Sales,Analyst,2024-03-19,49782
1283,Vrinda Verma,Female,1991-11-12,IT,Executive,2016-08-25,65741
1284,Amaira Palan,Female,2000-12-12,HR,Executive,2017-04-26,36764
1285,Vihaan Joshi,Female,1983-06-21,Sales,Analyst,2016-12-24,60307
1286,Turvi Mammen,Female,1994-10-26,HR,Manager,2024-12-13,58101
1287,Sneha Setty,Female,1975-12-15,Finance,Manager,2020-02-15,72570
1288,Ekantika Ravi,Female,1973-08-21,Sales,Executive,2017-09-17,73968
1289,Yasti Buch,Female,1983-03-26,Finance,Manager,2020-01-30,87763
1290,William Chakrabarti,Female,1967-08-22,Finance,Executive,2020-01-17,34384
1291,Omkaar Kumer,Female,1986-07-21,Sales,Executive,2019-10-19,74329
1292,Onveer Khatri,Male,1972-12-15,Finance,Analyst,2018-09-17,89313
1293,Libni Borah,Male,1966-06-06,Finance,Analyst,2020-10-22,73786
1294,Charita Batta,Male,1975-10-30,IT,Executive,2018-07-30,71306
1295,Triya Seshadri,Male,1968-08-28,HR,Manager,2020-03-02,81287
1296,Rayaan Bhatia,Female,1974-11-24,HR,Analyst,2021-06-26,86530
1297,Omisha Mall,Male,1972-02-16,Sales,Manager,2023-10-03,56979
1298,Bakhshi Sathe,Male,1965-04-17,Sales,Manager,2018-08-27,42734
1299,Varsha Bhat,Male,1985-04-11,Sales,Executive,2022-08-28,73789
1300,Tripti Kar,Female,1988-10-22,IT,Executive,2021-05-15,57244
1301,Rohan Bava,Female,1996-09-12,Sales,Manager,2016-07-14,77168
1302,Tamanna Divan,Female,1999-07-25,IT,Manager,2023-08-27,64077
1303,Oeshi Dixit,Male,1965-12-28,Sales,Manager,2022-09-03,57885
1304,Samarth Varughese,Male,1975-01-12,Sales,Analyst,2016-09-24,43861
1305,Harish Srinivasan,Female,1990-05-31,HR,Analyst,2016-09-17,91930
1306,Vamakshi Maharaj,Female,1974-01-27,HR,Analyst,2023-07-13,38414
1307,George Mangal,Female,1983-04-16,HR,Executive,2019-05-12,98071
1308,Anya Swaminathan,Male,1969-08-17,Sales,Analyst,2016-08-25,56747
1309,Balvan Sibal,Female,1995-04-25,HR,Manager,2021-06-04,76652
1310,Reva Sawhney,Male,2002-10-02,HR,Manager,2017-06-13,60484
1311,Aadi Goyal,Female,1995-01-21,IT,Analyst,2019-09-23,52676
1312,Yachana Ghosh,Male,1975-05-24,HR,Manager,2020-11-27,40040
1313,Vrinda Balan,Female,1999-11-01,Finance,Analyst,2017-04-11,70196
1314,Watika Palan,Female,1991-03-16,HR,Manager,2019-06-28,79074
1315,Raghav Shukla,Male,1965-03-21,HR,Manager,2022-06-20,61381
1316,Eta Kalita,Male,1975-03-02,HR,Manager,2024-11-05,43223
1317,Janya Buch,Male,1989-02-04,Finance,Executive,2016-03-31,38173
1318,Banjeet Chander,Male,1979-06-06,IT,Executive,2025-02-22,37201
1319,Kashish Loyal,Male,1976-10-27,IT,Manager,2017-05-11,32771
1320,Max Bajaj,Female,1988-08-24,HR,Manager,2023-08-18,43629
1321,Lakshmi Lal,Male,1999-07-01,IT,Analyst,2019-10-06,49932
1322,Harshil Palla,Male,1988-10-24,IT,Executive,2024-04-06,66215
1323,Ekantika Salvi,Female,1991-05-10,HR,Executive,2022-12-09,44287
1324,Maya Agate,Female,1968-12-27,HR,Executive,2018-11-23,57235
1325,Harini Patil,Male,1993-01-27,HR,Executive,2023-10-08,76773
1326,Ekanta Bal,Female,1988-04-23,HR,Manager,2017-11-11,48587
1327,Lakshmi Mandal,Male,1984-03-22,IT,Manager,2022-11-01,83163
1328,Sai Dada,Female,1970-01-25,Finance,Manager,2020-01-08,55496
1329,Zarna Sankar,Female,1998-12-27,IT,Analyst,2017-11-24,81716
1330,Peter Raval,Male,2000-07-22,Sales,Analyst,2018-03-16,77498
1331,Chaman Ramanathan,Female,2001-01-15,Finance,Executive,2017-02-11,33189
1332,Chandresh Narain,Male,1972-05-13,IT,Executive,2023-10-18,31870
1333,Naveen Zachariah,Female,1982-05-13,Sales,Analyst,2023-09-11,34047
1334,Janya Goel,Female,1970-10-26,HR,Executive,2024-07-28,66855
1335,Azad Comar,Male,1974-04-16,Sales,Manager,2023-10-13,38701
1336,Mugdha Krishnamurthy,Male,1990-08-31,HR,Analyst,2017-04-09,73997
1337,Naveen Dhawan,Female,1985-10-17,HR,Analyst,2024-12-16,49276
1338,Isaiah Hayre,Male,1981-05-16,Finance,Executive,2016-10-22,47601
1339,Irya Sankaran,Female,1997-11-25,HR,Analyst,2024-04-23,68691
1340,Nilima Doctor,Male,1985-07-05,Finance,Analyst,2022-09-01,53031
1341,Warjas Bal,Female,1968-01-02,IT,Analyst,2017-02-19,64022
1342,Ati Chaudhuri,Male,1989-10-31,HR,Executive,2024-06-22,74391
1343,Varsha Varma,Female,1977-10-27,Sales,Manager,2020-03-14,98363
1344,Veda Venkataraman,Male,1974-01-09,IT,Executive,2017-08-19,38600
1345,Geetika Badal,Male,1971-05-20,Finance,Analyst,2022-01-24,62630
1346,Jason Soman,Female,1997-06-08,IT,Manager,2024-04-26,83036
1347,Nachiket Bhattacharyya,Male,1993-04-03,HR,Manager,2019-02-28,70627
1348,Luke Rege,Female,1991-08-21,Sales,Analyst,2023-06-25,45394
1349,Nirja Aggarwal,Female,1990-02-09,Sales,Analyst,2022-04-27,84663
1350,Hitesh Behl,Female,1969-01-30,IT,Analyst,2018-05-04,61971
1351,Bhavya Radhakrishnan,Male,1977-01-31,Sales,Analyst,2024-10-11,59979
1352,Faris Dugar,Female,1985-07-15,HR,Analyst,2017-11-25,38934
1353,Caleb Ranganathan,Female,2001-10-12,Finance,Manager,2022-08-30,44933
1354,Xavier De,Male,1980-04-17,Finance,Manager,2018-11-23,34925
1355,William Setty,Male,1979-11-02,HR,Executive,2020-12-04,69622
1356,Niharika Gopal,Female,1998-03-14,IT,Executive,2018-01-21,44661
1357,Anirudh Srinivas,Female,1971-12-26,Sales,Manager,2021-11-12,98056
1358,Nidhi Shere,Female,1972-08-19,Finance,Analyst,2023-06-10,70847
1359,Wazir Chander,Female,2002-11-08,Sales,Executive,2021-11-14,45965
1360,Tanveer Iyengar,Female,1992-11-12,Sales,Analyst,2016-08-03,36730
1361,Amol De,Male,1977-10-17,HR,Manager,2017-06-02,98541
1362,Leela Master,Male,1998-10-30,IT,Manager,2019-12-16,75306
1363,Nitara Chanda,Male,1970-03-28,Finance,Manager,2020-01-08,44202
1364,Krish Sampath,Male,1994-05-23,Finance,Manager,2023-02-09,50718
1365,Rayaan Mohanty,Female,1967-10-28,IT,Manager,2020-04-08,74537
1366,Yasti Mannan,Female,1987-08-08,Sales,Executive,2024-12-26,77583
1367,Gopal Babu,Female,1968-04-23,IT,Executive,2021-06-24,43557
1368,Baljiwan Rai,Female,1980-04-23,HR,Manager,2022-06-12,96435
1369,Farhan Wadhwa,Female,1994-10-20,HR,Analyst,2016-10-11,40024
1370,Falak Dubey,Female,2000-08-20,Sales,Manager,2017-07-05,54966
1371,Libni Kadakia,Male,1995-11-08,Finance,Executive,2024-10-07,84244
1372,Leela Sarkar,Female,2001-12-26,HR,Manager,2022-04-10,58207
1373,Jonathan Kothari,Female,1996-01-17,IT,Executive,2018-06-12,79101
1374,Kiaan Sule,Female,1971-07-02,Finance,Executive,2018-07-26,57492
1375,Xalak Ganesh,Female,1971-02-07,Finance,Manager,2023-06-13,46482
1376,Ekansh Deep,Male,1977-02-06,Sales,Manager,2020-11-17,80402
1377,Ijaya Barman,Male,1982-01-03,HR,Manager,2023-04-04,57857
1378,Sai Kala,Female,1996-03-11,Finance,Analyst,2023-09-05,98485
1379,Amruta Bajwa,Female,1974-12-03,HR,Manager,2022-09-30,94352
1380,Rachit Mital,Female,1965-04-03,Finance,Analyst,2022-05-06,33560
1381,Samar Choudhry,Female,1971-11-12,Finance,Executive,2024-12-17,36218
1382,Dayamai Behl,Male,1974-04-01,IT,Manager,2020-06-07,83716
1383,Noah Subramaniam,Female,1998-06-16,Finance,Executive,2019-06-01,50940
1384,Netra Deo,Female,1983-04-11,Finance,Analyst,2024-08-01,62095
1385,Manthan Bajwa,Female,1987-07-30,Sales,Manager,2024-01-24,81450
1386,Vihaan Prasad,Female,1968-01-13,Finance,Executive,2017-04-11,94511
1387,Lila Modi,Male,1981-04-05,Finance,Manager,2024-07-14,95244
1388,Aarini Nagy,Male,2000-06-11,HR,Analyst,2023-04-14,95849
1389,Harrison Chanda,Female,1983-05-28,Finance,Manager,2023-06-29,86222
1390,Nitara Shankar,Male,2001-02-01,Sales,Executive,2023-10-17,57227
1391,Mitesh Pau,Male,1988-07-15,Sales,Executive,2016-07-21,31246
1392,Ijaya Kala,Male,1993-08-21,IT,Analyst,2020-10-18,64942
1393,Widisha Magar,Male,1975-06-01,HR,Executive,2016-10-07,83559
1394,Ishanvi Naidu,Male,1978-08-14,Finance,Executive,2022-11-25,43983
1395,Xalak Mann,Female,1982-11-14,Finance,Manager,2017-03-21,45754
1396,Caleb Narayan,Female,1997-05-09,Sales,Analyst,2023-08-30,99512
1397,Champak Nayar,Female,1987-03-12,Sales,Analyst,2016-12-16,51947
1398,Reyansh Bajwa,Male,1996-07-16,Finance,Executive,2022-01-20,59591
1399,Praneel Khosla,Male,1979-09-03,Finance,Manager,2021-11-28,82926
1400,Kashvi Krish,Male,1971-11-20,IT,Executive,2021-02-03,89879
1401,Jairaj Bhavsar,Female,1984-01-14,HR,Executive,2023-01-05,30802
1402,Bhavya Chakrabarti,Female,1990-08-29,Finance,Analyst,2016-11-30,37917
1403,Pranav Char,Female,1994-03-09,Finance,Analyst,2021-06-06,60884
1404,Leela Gala,Female,1969-08-19,Finance,Analyst,2020-03-19,39788
1405,Harshil Chanda,Male,1994-05-02,IT,Analyst,2018-12-23,46835
1406,Ekaja Sathe,Male,1969-10-26,Sales,Manager,2022-02-28,38378
1407,Kalpit Raju,Female,1985-10-31,Sales,Executive,2018-02-27,43430
1408,Rohan Tiwari,Male,1990-03-27,Finance,Executive,2021-12-19,52082
1409,Ekta Kadakia,Female,1985-12-31,IT,Analyst,2022-01-12,47868
1410,Henry Kara,Male,1991-01-18,Finance,Manager,2020-09-10,44774
1411,Xavier Sandhu,Female,2004-01-17,Finance,Manager,2018-06-03,91490
1412,Vivaan Gera,Female,2003-02-05,Finance,Executive,2019-07-15,59211
1413,Faraj Yohannan,Male,1984-10-06,Sales,Manager,2022-10-18,90323
1414,Balhaar Taneja,Female,2001-02-07,HR,Executive,2017-04-10,72809
1415,Faras Batta,Male,1997-01-04,Sales,Manager,2022-12-31,68423
1416,Hemang Bains,Male,2002-03-16,Finance,Analyst,2017-02-02,71574
1417,Manya Gupta,Female,1986-01-23,IT,Executive,2025-02-26,90744
1418,Jalsa Sane,Female,1975-04-16,IT,Manager,2022-08-07,64592
1419,Radhika Char,Male,1978-11-21,IT,Manager,2017-08-27,64242
1420,Tara Parekh,Male,1997-08-17,Sales,Analyst,2016-07-08,60012
1421,Ranbir Khatri,Female,2003-11-13,Finance,Executive,2023-04-10,59148
1422,Advaith Thaker,Female,2004-01-10,Finance,Analyst,2017-12-29,62762
1423,Tanish Grover,Male,1979-06-04,HR,Manager,2024-08-28,69470
1424,Bhanumati Tella,Female,1992-01-04,Finance,Analyst,2016-08-30,82486
1425,Hemang Dua,Female,1997-07-13,HR,Manager,2024-06-15,53819
1426,Aarav Bhasin,Female,1985-06-10,Sales,Analyst,2023-11-05,53784
1427,Kiaan Sahni,Female,1985-03-01,Sales,Manager,2019-12-22,97848
1428,Nitara Toor,Female,1994-10-06,Sales,Executive,2018-06-29,73635
1429,Adweta Pillay,Male,1973-10-31,Sales,Executive,2019-03-23,43591
1430,Yug Swamy,Male,2004-02-23,HR,Analyst,2021-08-21,32393
1431,Ayush Lalla,Female,1986-02-22,Sales,Analyst,2019-08-21,97392
1432,Kevin Prashad,Male,1983-05-02,IT,Executive,2024-01-25,40456
1433,Damyanti Narula,Male,1988-02-01,Sales,Executive,2019-03-29,80372
1434,Champak Mand,Male,1995-09-15,HR,Executive,2023-10-10,64659
1435,Aishani Contractor,Female,1970-08-30,Finance,Manager,2018-10-03,38218
1436,Urishilla Dara,Female,1991-11-01,Sales,Analyst,2020-10-03,40115
1437,Jalsa Chana,Male,1981-11-11,HR,Analyst,2018-07-01,74133
1438,Isha Kunda,Male,1967-11-03,Finance,Manager,2016-11-11,79768
1439,Anvi Amble,Female,1999-04-29,IT,Analyst,2023-10-12,69650
1440,Chandani Sura,Female,1989-03-19,HR,Executive,2018-02-03,84118
1441,Jason Khalsa,Male,1988-06-26,Sales,Analyst,2017-03-01,38904
1442,Devansh Arora,Female,1990-07-02,IT,Analyst,2016-10-14,41223
1443,Yug Varughese,Female,1967-07-23,IT,Analyst,2024-12-18,93418
1444,Shivani Salvi,Male,1999-12-14,Sales,Manager,2022-04-09,74502
1445,Charan Oommen,Male,1995-11-26,Finance,Analyst,2022-05-06,79463
1446,Umang Sahota,Female,1987-05-09,Finance,Manager,2017-05-23,72931
1447,Patrick Saini,Female,1986-02-01,HR,Executive,2018-01-31,78502
1448,Adweta Doshi,Male,1988-08-08,Sales,Manager,2017-08-24,87608
1449,Dayita Bhagat,Female,1973-05-10,Finance,Manager,2023-07-02,85410
1450,Bhavani Korpal,Female,1967-11-15,IT,Analyst,2017-01-04,43325
1451,Naksh Kapoor,Female,1971-08-06,HR,Executive,2021-09-15,45471
1452,William Basak,Female,1999-08-08,Finance,Manager,2021-12-09,32808
1453,Urmi Karan,Female,1973-05-04,Finance,Executive,2022-03-14,64919
1454,Viraj Pant,Female,1988-07-21,HR,Analyst,2022-11-26,56001
1455,Reyansh Bumb,Male,1986-04-30,Finance,Analyst,2020-06-30,93744
1456,Shivansh Subramanian,Male,1965-12-06,Finance,Analyst,2020-11-06,80077
1457,Pratyush Mukhopadhyay,Female,1967-09-28,IT,Manager,2024-11-03,38051
1458,Mohini Chahal,Female,2003-11-02,IT,Manager,2020-05-08,44687
1459,Vinaya Loke,Male,1993-03-22,HR,Analyst,2017-10-19,50769
1460,Azaan Prakash,Male,1968-01-27,Sales,Manager,2019-05-16,57025
1461,Yochana Chhabra,Male,1969-08-28,Finance,Analyst,2020-01-23,52386
1462,Isaiah Yogi,Female,1979-12-31,Finance,Analyst,2017-10-04,38140
1463,Darika Dani,Female,1969-04-22,IT,Manager,2016-12-28,92634
1464,Elijah Kapadia,Male,1982-08-14,IT,Analyst,2023-12-02,59160
1465,Joshua Oza,Male,1991-07-27,HR,Analyst,2018-08-08,84749
1466,Turvi Basu,Female,1991-03-29,Sales,Analyst,2022-06-24,57798
1467,Ishanvi Kaul,Male,1982-08-19,Sales,Analyst,2018-11-14,52479
1468,Yahvi Kashyap,Female,1996-09-28,Sales,Executive,2024-04-25,37960
1469,Wriddhish Lad,Male,1993-03-15,IT,Analyst,2019-04-13,38784
1470,Shaurya Kaul,Male,1974-12-03,HR,Executive,2018-02-27,50990
1471,Sai Yadav,Female,1967-11-18,HR,Manager,2017-01-05,73216
1472,Vinaya Sood,Male,2002-06-02,HR,Executive,2024-08-20,56432
1473,Parth Madan,Female,1983-05-06,Finance,Analyst,2023-01-12,97312
1474,Bimala Pillai,Male,2000-11-11,HR,Manager,2022-08-28,98975
1475,Leela Raj,Male,1972-12-23,IT,Manager,2017-03-12,46573
1476,Aradhana Agarwal,Female,1977-03-19,IT,Executive,2023-07-03,90793
1477,Ronith Munshi,Male,1989-10-21,Finance,Executive,2022-11-13,41996
1478,Yochana Rege,Female,1995-08-09,Sales,Analyst,2017-07-27,61778
1479,Pushti Mishra,Female,1984-10-24,IT,Manager,2016-11-14,49990
1480,Chakradhar Khalsa,Female,1969-06-14,Finance,Manager,2019-06-11,80321
1481,Lakshit Bansal,Female,2003-12-02,Finance,Analyst,2021-06-03,87272
1482,Vedant Divan,Male,1987-03-24,IT,Manager,2021-11-27,84968
1483,Om Gandhi,Female,1981-09-08,HR,Executive,2018-01-19,34473
1484,Arjun Upadhyay,Female,1967-03-21,HR,Analyst,2020-06-20,30813
1485,Qasim Sastry,Male,1984-01-24,HR,Manager,2020-02-04,84322
1486,Theodore Yogi,Female,1966-11-15,IT,Executive,2023-02-27,76698
1487,Theodore Chandran,Male,1992-04-15,IT,Analyst,2022-08-05,56619
1488,Tripti Pillai,Male,1977-10-30,Sales,Manager,2016-09-08,82903
1489,Ronith Dutta,Female,1985-06-11,Sales,Manager,2024-03-18,37156
1490,Bishakha Raghavan,Male,2000-08-02,Finance,Executive,2017-06-18,42837
1491,Vansha Kohli,Female,1969-02-09,Sales,Manager,2021-12-21,85771
1492,Jhalak Acharya,Female,1988-08-31,Finance,Analyst,2018-07-28,84439
1493,Quincy Pingle,Male,1972-08-06,Finance,Executive,2018-05-14,99560
1494,Mekhala Pingle,Female,1968-02-17,Finance,Executive,2023-11-12,94569
1495,Divya Khosla,Male,1985-04-04,Sales,Executive,2023-07-04,34501
1496,Balvan Sood,Female,1978-12-29,Sales,Manager,2016-07-17,55605
1497,Krishna Barad,Female,1972-07-02,IT,Executive,2021-05-23,54043
1498,Omkaar Kibe,Female,1992-10-12,Sales,Manager,2024-05-20,51445
1499,Pranit Verma,Male,1972-06-16,Finance,Executive,2019-01-20,76774
